{"cameraMode":{"drawMode":0,"name":"Shaded","section":"Shading Mode"},"sceneLighting":true,"audioPlay":false,"sceneViewState":{"showFog":false,"showMaterialUpdate":false,"showSkybox":false,"showFlares":false,"showImageEffects":false,"showParticleSystems":false},"in2DMode":false,"pivot":{"x":12.289249420166016,"y":70.61875915527344,"z":-76.1097640991211},"rotation":{"x":-0.3485146462917328,"y":0.04411638155579567,"z":-0.016426026821136476,"w":-0.9361231327056885},"size":802.3048706054688,"orthographic":false}