{"cameraMode":{"drawMode":0,"name":"Shaded","section":"Shading Mode"},"sceneLighting":true,"audioPlay":false,"sceneViewState":{"showFog":false,"showMaterialUpdate":false,"showSkybox":false,"showFlares":false,"showImageEffects":false,"showParticleSystems":false},"in2DMode":false,"pivot":{"x":67.26749420166016,"y":-170.45718383789063,"z":-122.18122863769531},"rotation":{"x":0.6996431350708008,"y":-0.001071739592589438,"z":0.0010494757443666459,"w":0.714492678642273},"size":377.6612854003906,"orthographic":false}