{"cameraMode":{"drawMode":0,"name":"Shaded","section":"Shading Mode"},"sceneLighting":true,"audioPlay":false,"sceneViewState":{"showFog":false,"showMaterialUpdate":false,"showSkybox":false,"showFlares":false,"showImageEffects":false,"showParticleSystems":false},"in2DMode":false,"pivot":{"x":-106.63230895996094,"y":168.21420288085938,"z":-213.5855712890625},"rotation":{"x":0.705890953540802,"y":0.014870407991111279,"z":-0.014826209284365178,"w":0.7080109119415283},"size":419323200.0,"orthographic":false}